Workbook

Sheet Cover
B2: DATASCIENCE TOOL KIT
B3: Assignment Solution
B7: STUDENT INFORMATION
B9: Name: | C9: Adarsha Hebbar
B10: Email: | C10: adarsha.hebbar.k@gmail.com
B11: Course: | C11: DataScience Tool Kit
B14: TABLE OF CONTENTS
B16: Sheet | C16: Description
B17: Data | C17: Raw Sales Data
B18: Q1-Solution | C18: Basic Calculations
B19: Q2-RegionAnalysis | C19: Region-wise Analysis
B20: Q3-PivotAnalysis | C20: Pivot Table Analysis (6 Marks)
B21: Q4-DiscountFormulas | C21: Discount Formulas

Sheet Data
A1: Store | B1: Country | C1: Region | D1: Date | E1: Item | F1: Salesperson | G1: List Price | H1: Actual Price | I1: Discount %
A2: Athens | B2: Greece | C2: EMEA | D2: 11/7/2017 | E2: Oven | F2: David Walker | G2: 500 | H2: 500 | I2: 0
A3: Bangalore | B3: India | C3: APAC | D3: 11/13/2018 | E3: Coffee grinder | F3: Delia Muhammad | G3: 70 | H3: 67 | I3: 0.0429
A4: Bangkok | B4: Thailand | C4: APAC | D4: 8/21/2014 | E4: Air conditioner | F4: John Jenkins | G4: 700 | H4: 679 | I4: 0.03
A5: Capetown | B5: South Africa | C5: EMEA | D5: 4/17/2015 | E5: Iron | F5: Nicholas Holloway | G5: 30 | H5: 22 | I5: 0.2667
A6: Delhi | B6: India | C6: APAC | D6: 5/30/2014 | E6: Oven | F6: Tessa Morrow | G6: 500 | H6: 490 | I6: 0.02
A7: Ho Chi Minh City | B7: Vietnam | C7: APAC | D7: 5/24/2015 | E7: Microwave | F7: Susan Dixon | G7: 80 | H7: 78 | I7: 0.025
A8: Istanbul | B8: Turkey | C8: EMEA | D8: 8/14/2018 | E8: Ceiling fan | F8: Mark Buntain | G8: 150 | H8: 137 | I8: 0.0867
A9: Lima | B9: Peru | C9: LATAM | D9: 6/6/2016 | E9: Dishwasher | F9: Christopher Cresswell | G9: 500 | H9: 465 | I9: 0.07
A10: Lima | B10: Peru | C10: LATAM | D10: 7/9/2014 | E10: Iron | F10: Christopher Cresswell | G10: 30 | H10: 28 | I10: 0.0667
A11: London | B11: UK | C11: EMEA | D11: 11/12/2015 | E11: Washing Machine | F11: Francis Godden | G11: 800 | H11: 760 | I11: 0.05
A12: Moscow | B12: Russia | C12: EMEA | D12: 6/10/2018 | E12: Microwave | F12: May Wilmot | G12: 80 | H12: 79 | I12: 0.0125
A13: Osaka | B13: Japan | C13: APAC | D13: 7/23/2016 | E13: Refrigerator | F13: Kenneth Walter | G13: 1000 | H13: 950 | I13: 0.05
... A25: Toronto | B25: Canada | C25: NA | D25: 11/3/2014 | E25: Ceiling fan | F25: Robin Hall | G25: 150 | H25: 150 | I25: 0

Sheet Q1-Solution
A1: QUESTION 1: Filter 2014, Sort by Region Ascending (6 Marks)
A3: Filtered Data: Year = 2014, Sorted by Region (A→Z)
A4: Store | B4: Country | C4: Region | D4: Date | E4: Item | F4: Salesperson | G4: List Price | H4: Actual Price | I4: Discount %
A5: Bangkok | B5: Thailand | C5: APAC | D5: 8/21/2014 | E5: Air conditioner | F5: John Jenkins | G5: 700 | H5: 679 | I5: 0.03
A6: Delhi | B6: India | C6: APAC | D6: 5/30/2014 | E6: Oven | F6: Tessa Morrow | G6: 500 | H6: 490 | I6: 0.02
A7: Tel Aviv | B7: Israel | C7: EMEA | D7: 6/12/2014 | E7: Refrigerator | F7: Thomas Gordon | G7: 1000 | H7: 620 | I7: 0.38
A8: Lima | B8: Peru | C8: LATAM | D8: 7/9/2014 | E8: Iron | F8: Christopher Cresswell | G8: 30 | H8: 28 | I8: 0.0667
A9: Toronto | B9: Canada | C9: NA | D9: 11/3/2014 | E9: Ceiling fan | F9: Robin Hall | G9: 150 | H9: 150 | I9: 0
A12: Q1.1: How many DISTINCT ITEMS?
A13: Items in filtered data: | B13: Air conditioner | C13: Ceiling fan | D13: Iron | E13: Oven | F13: Refrigerator
A14: ANSWER 1.1: | B14: =COUNTA(B13:K13) -> 5 | C14: (5 distinct items)
A17: Q1.2: How many DISTINCT REGIONS?
A18: Regions in filtered data: | B18: APAC | C18: EMEA | D18: LATAM | E18: NA
A19: ANSWER 1.2: | B19: =COUNTA(B18:E18) -> 4 | C19: (4 distinct regions)
A22: Q1.3: Which is the THIRD COUNTRY?
A23: Look at row 3 of filtered data above (row 7 in sheet)
A24: ANSWER 1.3: | B24: =B7 -> Israel | C24: (Israel - from Tel Aviv, EMEA)

Sheet Q2-RegionAnalysis
A1: QUESTION 2: Region Analysis (4 Marks)
A3: Q2.1: Sum of Actual Price by Region
A5: Region | B5: Sum of Actual Price
A6: APAC | B6: =SUMIF(Data!$C$2:$C$25,A6,Data!$H$2:$H$25) -> 3002
A7: EMEA | B7: =SUMIF(Data!$C$2:$C$25,A7,Data!$H$2:$H$25) -> 3354
A8: LATAM | B8: =SUMIF(Data!$C$2:$C$25,A8,Data!$H$2:$H$25) -> 1235
A9: NA | B9: =SUMIF(Data!$C$2:$C$25,A9,Data!$H$2:$H$25) -> 231
A11: ANSWER 2.1: Highest Region | B11: =INDEX(A6:A9,MATCH(MAX(B6:B9),B6:B9,0)) -> EMEA | C11: Value: | D11: =MAX(B6:B9) -> 3354
A14: Q2.2: Average Discount % by Region
A16: Region | B16: Average Discount %
A17: APAC | B17: =AVERAGEIF(Data!$C$2:$C$25,A17,Data!$I$2:$I$25) -> 0.07765
A18: EMEA | B18: =AVERAGEIF(Data!$C$2:$C$25,A18,Data!$I$2:$I$25) -> 0.1719875
A19: LATAM | B19: =AVERAGEIF(Data!$C$2:$C$25,A19,Data!$I$2:$I$25) -> 0.05802
A20: NA | B20: =AVERAGEIF(Data!$C$2:$C$25,A20,Data!$I$2:$I$25) -> 0.14166667
A22: ANSWER 2.2: Highest Region | B22: =INDEX(A17:A20,MATCH(MAX(B17:B20),B17:B20,0)) -> EMEA | C22: Value: | D22: =MAX(B17:B20) -> 0.1719875

Sheet Q4-DiscountFormulas
A1: QUESTION 4: Actual Price After Discount (4 Marks) | G1: Seattle Discount %: | H1: 0.1
A2: Formula: Actual Price - (Actual Price × Discount %)
A4: Store | B4: Actual Price | C4: Discount % | D4: After Discount (RELATIVE) | E4: After Discount (ABSOLUTE)
A5: Athens | B5: 500 | C5: 0 | D5: =B5-(B5*C5) -> 500 | E5: =B5-(B5*$H$1) -> 450
A6: Bangalore | B6: 67 | C6: 0.0429 | D6: =B6-(B6*C6) -> 64.1257 | E6: =B6-(B6*$H$1) -> 60.3
A7: Bangkok | B7: 679 | C7: 0.03 | D7: =B7-(B7*C7) -> 658.63 | E7: =B7-(B7*$H$1) -> 611.1
A8: Capetown | B8: 22 | C8: 0.2667 | D8: =B8-(B8*C8) -> 16.1326 | E8: =B8-(B8*$H$1) -> 19.8
A9: Delhi | B9: 490 | C9: 0.02 | D9: =B9-(B9*C9) -> 480.2 | E9: =B9-(B9*$H$1) -> 441
A10: Ho Chi Minh City | B10: 78 | C10: 0.025 | D10: =B10-(B10*C10) -> 76.05 | E10: =B10-(B10*$H$1) -> 70.2
A11: Istanbul | B11: 137 | C11: 0.0867 | D11: =B11-(B11*C11) -> 125.1221 | E11: =B11-(B11*$H$1) -> 123.3
A12: Lima | B12: 465 | C12: 0.07 | D12: =B12-(B12*C12) -> 432.45 | E12: =B12-(B12*$H$1) -> 418.5
A13: Lima | B13: 28 | C13: 0.0667 | D13: =B13-(B13*C13) -> 26.1324 | E13: =B13-(B13*$H$1) -> 25.2
A14: London | B14: 760 | C14: 0.05 | D14: =B14-(B14*C14) -> 722 | E14: =B14-(B14*$H$1) -> 684
A15: Moscow | B15: 79 | C15: 0.0125 | D15: =B15-(B15*C15) -> 78.0125 | E15: =B15-(B15*$H$1) -> 71.1
A16: Osaka | B16: 950 | C16: 0.05 | D16: =B16-(B16*C16) -> 902.5 | E16: =B16-(B16*$H$1) -> 855
... A28: Toronto | B28: 150 | C28: 0 | D28: =B28-(B28*C28) -> 150 | E28: =B28-(B28*$H$1) -> 135
A29: TOTAL | D29: =SUM(D5:D28) -> 6948.0644 | E29: =SUM(E5:E28) -> 7039.8
A31: ANSWER 4.1 (Relative): | B31: =D29 -> 6948.0644 | C31: (Expected: 6948.06)
A32: ANSWER 4.2 (Absolute): | B32: =E29 -> 7039.8 | C32: (Expected: 7039.80)

Sheet Q3-PivotAnalysis
A1: Question 3: Pivot Table Analysis (6 Marks)
A2: Q3.1: Only one person has sold two items. Who is that person?
A3: Row Labels | B3: Count of Item
A4: Christine Davies | B4: 1
A5: Christopher Cresswell | B5: 2
A6: Danny Brooks | B6: 1
A7: David Shiner | B7: 1
A8: David Walker | B8: 1
A9: Delia Muhammad | B9: 1
A10: Edward Khan | B10: 1
A11: Francis Godden | B11: 1
A12: Gary Reynolds | B12: 1
A13: Gary Shaw | B13: 1
A14: Gillian Allnutt | B14: 1
A15: James Ricketts | B15: 1
... A27: Grand Total | B27: 24
A29: ANSWER 3.1:Christopher Cresswell(sold 2 items)
A33: Q3.2 & Q3.3: Max/Min of List Price and Actual Price by Item
A34: Row Labels | B34: Min of Actual Price | C34: Max of Actual Price2 | D34: Min of List Price | E34: Max of List Price2 | F34: List Differs? | G34: Actual Differs?
A35: Air conditioner | B35: 679 | C35: 686 | D35: 700 | E35: 700 | F35: =IF(E35<>D35,"Yes","No") -> No | G35: =IF(C35<>B35,"Yes","No") -> Yes
A36: Ceiling fan | B36: 137 | C36: 150 | D36: 150 | E36: 150 | F36: =IF(E36<>D36,"Yes","No") -> No | G36: =IF(C36<>B36,"Yes","No") -> Yes
A37: Coffee grinder | B37: 67 | C37: 67 | D37: 70 | E37: 70 | F37: =IF(E37<>D37,"Yes","No") -> No | G37: =IF(C37<>B37,"Yes","No") -> No
A38: Dishwasher | B38: 465 | C38: 465 | D38: 500 | E38: 500 | F38: =IF(E38<>D38,"Yes","No") -> No | G38: =IF(C38<>B38,"Yes","No") -> No
A39: Iron | B39: 22 | C39: 29 | D39: 30 | E39: 30 | F39: =IF(E39<>D39,"Yes","No") -> No | G39: =IF(C39<>B39,"Yes","No") -> Yes
A40: Microwave | B40: 54 | C40: 79 | D40: 80 | E40: 80 | F40: =IF(E40<>D40,"Yes","No") -> No | G40: =IF(C40<>B40,"Yes","No") -> Yes
A41: Oven | B41: 490 | C41: 500 | D41: 500 | E41: 500 | F41: =IF(E41<>D41,"Yes","No") -> No | G41: =IF(C41<>B41,"Yes","No") -> Yes
A42: Refrigerator | B42: 500 | C42: 950 | D42: 1000 | E42: 1000 | F42: =IF(E42<>D42,"Yes","No") -> No | G42: =IF(C42<>B42,"Yes","No") -> Yes
A43: Toaster | B43: 37 | C43: 37 | D43: 50 | E43: 50 | F43: =IF(E43<>D43,"Yes","No") -> No | G43: =IF(C43<>B43,"Yes","No") -> No
A44: Washing Machine | B44: 672 | C44: 760 | D44: 800 | E44: 800 | F44: =IF(E44<>D44,"Yes","No") -> No | G44: =IF(C44<>B44,"Yes","No") -> Yes
A45: Grand Total | B45: 22 | C45: 950 | D45: 30 | E45: 1000
A47: ANSWER 3.2: | B47: =COUNTIF(F35:F44,"Yes") -> 0 | C47: items differ in List Price
A48: ANSWER 3.3: | B48: =COUNTIF(G35:G44,"Yes") -> 7 | C48: items differ in Actual Price
