Workbook

Sheet Data
A1: Store | B1: Country | C1: Region | D1: Date | E1: Item | F1: Salesperson | G1: List Price | H1: Actual Price | I1: Discount %
A2: Athens | B2: Greece | C2: EMEA | D2: 11/7/2017 | E2: Oven | F2: David Walker | G2: 500 | H2: 500 | I2: 0
A3: Bangalore | B3: India | C3: APAC | D3: 11/13/2018 | E3: Coffee grinder | F3: Delia Muhammad | G3: 70 | H3: 67 | I3: 0.0429
A4: Bangkok | B4: Thailand | C4: APAC | D4: 8/21/2014 | E4: Air conditioner | F4: John Jenkins | G4: 700 | H4: 679 | I4: 0.03
A5: Capetown | B5: South Africa | C5: EMEA | D5: 4/17/2015 | E5: Iron | F5: Nicholas Holloway | G5: 30 | H5: 22 | I5: 0.2667
A6: Delhi | B6: India | C6: APAC | D6: 5/30/2014 | E6: Oven | F6: Tessa Morrow | G6: 500 | H6: 490 | I6: 0.02
A7: Ho Chi Minh City | B7: Vietnam | C7: APAC | D7: 5/24/2015 | E7: Microwave | F7: Susan Dixon | G7: 80 | H7: 78 | I7: 0.025
A8: Istanbul | B8: Turkey | C8: EMEA | D8: 8/14/2018 | E8: Ceiling fan | F8: Mark Buntain | G8: 150 | H8: 137 | I8: 0.0867
A9: Lima | B9: Peru | C9: LATAM | D9: 6/6/2016 | E9: Dishwasher | F9: Christopher Cresswell | G9: 500 | H9: 465 | I9: 0.07
A10: Lima | B10: Peru | C10: LATAM | D10: 7/9/2014 | E10: Iron | F10: Christopher Cresswell | G10: 30 | H10: 28 | I10: 0.0667
A11: London | B11: UK | C11: EMEA | D11: 11/12/2015 | E11: Washing Machine | F11: Francis Godden | G11: 800 | H11: 760 | I11: 0.05
A12: Moscow | B12: Russia | C12: EMEA | D12: 6/10/2018 | E12: Microwave | F12: May Wilmot | G12: 80 | H12: 79 | I12: 0.0125
A13: Osaka | B13: Japan | C13: APAC | D13: 7/23/2016 | E13: Refrigerator | F13: Kenneth Walter | G13: 1000 | H13: 950 | I13: 0.05
... A25: Toronto | B25: Canada | C25: NA | D25: 11/3/2014 | E25: Ceiling fan | F25: Robin Hall | G25: 150 | H25: 150 | I25: 0

Sheet PivotTable_Summary
A1: Sales Analysis by Region and Item
A3: ⚠️ TO CREATE A REAL PIVOT TABLE:
A4: 1. Click on the "Data" sheet
A5: 2. Select cells A1:I25 (all data including headers)
A6: 3. Go to Insert menu → PivotTable
A7: 4. Choose "New Worksheet" and click OK
A8: 5. Drag fields to build your pivot table:
A9: - Region → Rows
A10: - Item → Rows
A11: - Actual Price → Values (Sum)
A12: 6. Now you will see PivotTable Fields pane!
A14: Sample Summary: Sales by Region
A15: Region | B15: Total Sales | C15: Avg Discount % | D15: Count
A16: APAC | B16: =SUMIF(Data!C:C,A16,Data!H:H) | C16: =AVERAGEIF(Data!C:C,A16,Data!I:I) | D16: =COUNTIF(Data!C:C,A16)
A17: EMEA | B17: =SUMIF(Data!C:C,A17,Data!H:H) | C17: =AVERAGEIF(Data!C:C,A17,Data!I:I) | D17: =COUNTIF(Data!C:C,A17)
A18: NA | B18: =SUMIF(Data!C:C,A18,Data!H:H) | C18: =AVERAGEIF(Data!C:C,A18,Data!I:I) | D18: =COUNTIF(Data!C:C,A18)
A19: Total | B19: =SUM(B16:B18) | D19: =SUM(D16:D18)
A22: Sample Summary: Sales by Item
A23: Item | B23: Total Sales | C23: Count
A24: Air conditioner | B24: =SUMIF(Data!E:E,A24,Data!H:H) | C24: =COUNTIF(Data!E:E,A24)
A25: Coffee grinder | B25: =SUMIF(Data!E:E,A25,Data!H:H) | C25: =COUNTIF(Data!E:E,A25)
A26: Iron | B26: =SUMIF(Data!E:E,A26,Data!H:H) | C26: =COUNTIF(Data!E:E,A26)
A27: Oven | B27: =SUMIF(Data!E:E,A27,Data!H:H) | C27: =COUNTIF(Data!E:E,A27)
A28: Refrigerator | B28: =SUMIF(Data!E:E,A28,Data!H:H) | C28: =COUNTIF(Data!E:E,A28)
A29: Television | B29: =SUMIF(Data!E:E,A29,Data!H:H) | C29: =COUNTIF(Data!E:E,A29)
A30: Toaster | B30: =SUMIF(Data!E:E,A30,Data!H:H) | C30: =COUNTIF(Data!E:E,A30)
A31: Washing Machine | B31: =SUMIF(Data!E:E,A31,Data!H:H) | C31: =COUNTIF(Data!E:E,A31)
